id,phone_number,email,membership,address_id
1,674-989-5989,kylekelley@example.net,Standard,
2,656-930-2209,andrewvasquez@example.com,Standard,
3,596-409-9456,robertsonjessica@example.com,Standard,
4,447-623-7919,casey38@example.com,Basic,
5,657-796-6060,ostout@example.net,Standard,
6,419-741-2303,zcox@example.com,Standard,
7,368-785-9401,beardryan@example.net,Standard,
8,295-266-5622,tkrueger@example.net,Premium,
9,766-370-6200,jpollard@example.net,Standard,
10,927-381-3756,christinabailey@example.org,Standard,
11,946-223-3635,othompson@example.net,Basic,6
12,446-749-7283,annettewebb@example.com,Basic,
13,705-678-9948,tapiavanessa@example.net,Standard,
14,194-371-2312,sydney44@example.com,Basic,
15,773-975-5772,kaufmancheyenne@example.net,Premium,
16,990-898-3240,marquezsierra@example.org,Standard,
17,293-825-4646,wjohnson@example.com,Premium,
18,614-864-9829,sheltonjames@example.org,Standard,
19,269-744-2892,stewartamber@example.net,Premium,
20,412-378-6448,jwarner@example.net,Basic,
21,939-628-5951,nsimpson@example.com,Premium,
22,208-186-7512,baileytiffany@example.com,Premium,
23,533-857-4818,bsosa@example.net,Standard,
24,821-868-7468,daniel95@example.net,Standard,7
25,917-487-4636,karennelson@example.net,Premium,
26,309-705-3018,jessicafigueroa@example.com,Premium,8
27,741-160-9434,ronnieknight@example.com,Basic,
28,839-788-9485,oliviaanderson@example.org,Standard,
29,744-275-4562,jsmith@example.org,Premium,
30,335-194-1606,krystaljames@example.com,Premium,
31,149-380-3326,kylespence@example.com,Basic,9
32,722-500-7817,franciscowilliams@example.com,Basic,
33,783-800-6622,vwalker@example.org,Premium,
34,397-958-2512,selena90@example.com,Premium,
35,513-602-3047,sarnold@example.org,Basic,
36,689-402-5083,cgarrett@example.net,Premium,
37,679-820-8405,richard91@example.com,Standard,
38,277-274-8533,hjohnson@example.com,Premium,
39,116-461-3256,tonylove@example.com,Basic,
40,309-171-1960,wrhodes@example.com,Standard,10
41,149-106-6446,javierholt@example.org,Premium,
42,368-106-2011,jeff13@example.net,Basic,
43,150-223-2559,jonathon91@example.net,Premium,
44,868-462-6527,dharper@example.com,Premium,
45,872-759-7700,deborahduran@example.org,Premium,11
46,956-574-6763,garypeck@example.net,Standard,
47,662-570-9560,heatherpark@example.net,Standard,
48,611-412-4979,powellrobert@example.org,Standard,
49,478-879-6789,jacksonbrad@example.org,Premium,
50,350-909-4025,ewarren@example.net,Basic,
51,458-195-5162,steven38@example.net,Standard,
52,801-593-9727,dannygill@example.net,Premium,
53,466-926-4657,choijessica@example.net,Basic,
54,106-687-6181,janderson@example.org,Basic,
55,113-572-2326,hgibbs@example.com,Standard,12
56,303-734-3917,millerjennifer@example.org,Premium,13
57,878-603-8199,mharper@example.net,Basic,
58,475-137-8288,martinezmatthew@example.net,Standard,
59,849-817-2145,jocelynross@example.com,Basic,
60,430-624-7389,cynthia14@example.com,Premium,14
61,121-664-8058,parkervalerie@example.com,Premium,15
62,694-213-1369,orogers@example.org,Premium,
63,564-831-7164,bmiller@example.org,Basic,
64,711-241-7236,amanda38@example.net,Standard,16
65,420-745-1734,brian21@example.org,Premium,
66,150-120-1171,kirbydawn@example.com,Basic,
67,548-296-3788,qmolina@example.org,Standard,17
68,130-548-4499,donmoore@example.org,Premium,18
69,485-666-1262,areynolds@example.org,Standard,
70,442-320-9994,mturner@example.net,Basic,
71,729-461-5703,john54@example.org,Premium,19
72,979-113-9989,harrisonjames@example.org,Premium,
73,274-541-2406,alicia71@example.net,Standard,20
74,595-592-9102,olivia94@example.net,Premium,
75,427-378-5437,tamaralong@example.org,Basic,
76,592-830-6741,caitlin43@example.org,Standard,
77,922-915-6954,dicksonnicholas@example.com,Basic,21
78,517-912-8675,fernandezkeith@example.net,Basic,
79,409-177-2062,kennedyjose@example.com,Standard,22
80,395-812-5249,mendezleslie@example.com,Standard,
81,276-915-8755,proctorpatricia@example.net,Standard,
82,432-254-7238,lwalton@example.org,Basic,
83,661-365-7724,tiffanyrios@example.org,Premium,
84,165-979-7380,jacob65@example.org,Basic,
85,267-332-5108,barajasvernon@example.com,Premium,
86,329-441-5413,margaretgray@example.org,Basic,
87,386-215-2274,burnsdenise@example.net,Basic,23
88,919-577-1411,morgan42@example.com,Basic,
89,469-292-5758,andersonjimmy@example.com,Basic,24
90,887-401-8785,leah85@example.net,Standard,
91,543-403-7556,harringtonadam@example.com,Premium,
92,768-603-5691,kelliewells@example.net,Premium,
93,352-379-8020,tbryant@example.org,Standard,
94,373-291-2454,karen43@example.net,Standard,
95,616-165-9754,brittany74@example.com,Premium,
96,480-911-6299,kramercatherine@example.org,Basic,
97,915-163-7639,claudia60@example.net,Standard,25
98,548-652-1249,delacruzdesiree@example.org,Basic,
99,326-284-6460,stephenmalone@example.com,Premium,
100,529-633-6372,lloydlee@example.org,Basic,
101,246-764-9625,tuckercharlene@example.com,Premium,
102,500-787-6402,kingsean@example.org,Basic,26
103,794-612-7261,jmurphy@example.com,Basic,
104,808-769-7115,lisaphillips@example.com,Premium,
105,895-297-3332,henrydenise@example.net,Standard,
106,758-537-7781,lwheeler@example.net,Basic,
107,723-305-8377,qingram@example.net,Premium,
108,525-599-9836,davidrodriguez@example.org,Basic,27
109,565-903-8601,johnsonbenjamin@example.com,Standard,
110,173-557-8762,hayesryan@example.org,Premium,
111,356-332-3140,max71@example.com,Standard,28
112,857-923-6373,cortezrobert@example.org,Standard,
113,826-354-7826,alvaradoalexander@example.com,Basic,
114,194-583-2415,andrewwashington@example.com,Basic,
115,116-112-9819,carlsoto@example.com,Standard,
116,536-131-7749,reesepatricia@example.net,Basic,
117,122-574-4651,gailcastro@example.com,Basic,
118,193-270-3075,ericbaker@example.net,Premium,
119,354-762-9415,savannah51@example.org,Standard,
120,964-138-6160,tim09@example.net,Standard,
121,465-447-4956,dawnsoto@example.org,Standard,29
122,146-803-1299,lopezgeorge@example.net,Standard,
123,447-702-1381,swansonmichael@example.com,Premium,
124,320-944-2569,istanley@example.org,Basic,
125,936-209-2728,matthew17@example.net,Standard,
126,649-374-4334,leemichael@example.net,Premium,
127,207-371-6369,gregory57@example.org,Premium,
128,372-287-9272,sarah06@example.org,Basic,
129,801-587-5882,gomezjonathan@example.org,Basic,
130,171-292-3369,lpalmer@example.org,Basic,
131,769-901-4346,cooperbruce@example.net,Standard,
132,818-431-8031,meredithclarke@example.org,Premium,
133,251-526-1970,morganjuarez@example.com,Premium,
134,333-196-8301,pamelacraig@example.net,Basic,
135,866-309-3544,williamselizabeth@example.net,Premium,
136,535-349-4706,brubio@example.com,Standard,
137,558-791-8520,ericawolfe@example.net,Standard,30
138,546-367-7177,lorinelson@example.org,Standard,31
139,873-550-3051,lanewhitney@example.net,Basic,
140,435-930-2190,oyoung@example.net,Premium,32
141,803-102-7084,goodwineric@example.org,Basic,
142,291-718-5436,nlam@example.org,Basic,
143,948-789-4090,christine90@example.com,Standard,
144,712-889-5037,amandavillanueva@example.org,Premium,
145,809-468-1136,deanna17@example.org,Premium,
146,685-322-5654,davisroger@example.com,Standard,
147,488-582-7697,wnorris@example.net,Premium,
148,380-769-9413,martinezkimberly@example.com,Premium,
149,653-147-2288,ashley35@example.net,Standard,
150,724-322-7074,david74@example.org,Premium,
151,964-942-9976,yjackson@example.net,Premium,
152,807-464-1856,jacksonjerry@example.net,Standard,
153,179-258-3822,montoyakenneth@example.net,Standard,
154,631-546-9690,zwebb@example.com,Standard,
155,919-417-6020,jamesbrown@example.net,Basic,
156,766-137-9438,christinetaylor@example.net,Basic,
157,665-924-8057,andrewrangel@example.com,Standard,
158,550-170-5323,smithdawn@example.org,Standard,
159,225-242-9205,stevenharrington@example.com,Premium,33
160,652-954-7388,thomas03@example.org,Premium,
161,519-571-1460,pferguson@example.net,Premium,
162,762-982-3615,sydneygonzalez@example.org,Basic,
163,908-353-1332,zgardner@example.org,Basic,
164,239-571-8541,hebertmelanie@example.net,Basic,
165,901-722-9825,shirleyolson@example.org,Basic,
166,613-217-1768,juan76@example.net,Premium,
167,622-307-7891,elizabethkramer@example.org,Basic,
168,332-400-6868,emmashah@example.com,Standard,
169,333-152-8645,cristian86@example.com,Standard,34
170,783-743-3451,carlosneal@example.org,Standard,
171,557-601-3566,kayla11@example.net,Basic,
172,872-871-8516,ashleydavidson@example.net,Standard,
173,600-519-3698,emilyroman@example.com,Premium,
174,720-197-2974,jenniferwashington@example.com,Premium,
175,651-562-8616,carlos26@example.com,Basic,35
176,773-237-3340,bookerstephanie@example.org,Basic,
177,448-554-7180,xmiller@example.org,Premium,
178,359-546-2130,william28@example.com,Premium,
179,315-776-2638,longrobert@example.net,Standard,
180,834-710-2004,stevejones@example.com,Premium,
181,613-409-7163,arroyojennifer@example.net,Premium,
182,331-186-8868,kperry@example.com,Standard,
183,125-157-2017,kim52@example.net,Standard,
184,260-315-7874,xgray@example.org,Basic,
185,761-852-6165,daniel40@example.org,Premium,36
186,983-169-6394,jasonmorris@example.org,Basic,
187,277-640-4714,brian43@example.org,Premium,
188,417-518-7153,cynthiaguerra@example.org,Standard,
189,804-845-8040,zcain@example.net,Premium,
190,653-651-5136,garrettregina@example.net,Standard,
191,470-431-2877,ginamccullough@example.org,Premium,
192,436-763-9013,maryclements@example.net,Standard,
193,567-836-2133,jessica19@example.net,Standard,
194,432-266-6576,samuel53@example.org,Basic,
195,391-319-4475,staceyherrera@example.net,Basic,
196,173-201-2207,charlesmichelle@example.com,Standard,
197,157-465-9621,sherribaker@example.com,Basic,
198,365-321-1367,donna11@example.org,Premium,
199,224-391-4729,ryan19@example.org,Basic,37
200,413-168-9828,gonzaleztheresa@example.org,Standard,38
201,518-668-8515,michaelwagner@example.net,Premium,
202,350-156-3588,wrightcynthia@example.com,Basic,
203,523-546-3815,linda17@example.net,Basic,
204,124-995-5529,janeweber@example.net,Basic,
205,701-895-6941,jacqueline48@example.net,Standard,
206,442-174-5084,scruz@example.org,Premium,
207,983-869-6943,sandovalangela@example.com,Basic,
208,161-917-8953,mark98@example.net,Standard,
209,941-346-9624,bobbybryant@example.com,Premium,39
210,997-266-8267,leehill@example.org,Premium,40
211,680-583-3540,meagan49@example.net,Basic,41
212,283-935-9536,lee73@example.net,Basic,
213,251-508-1172,morrisonbrenda@example.com,Basic,
214,117-256-7296,sarah84@example.com,Basic,42
215,727-327-7528,bsmith@example.net,Basic,
216,736-320-2820,patricia49@example.net,Basic,43
217,117-626-3811,thomasannette@example.org,Basic,
218,116-206-1866,zachary53@example.net,Premium,
219,699-485-1807,drakevincent@example.org,Premium,44
220,275-649-4075,carriemiller@example.com,Premium,
221,351-652-3766,richardacosta@example.org,Premium,
222,762-138-3564,crawfordashley@example.com,Standard,45
223,462-520-3942,kingsean@example.com,Basic,
224,943-248-2172,xrojas@example.org,Premium,
225,859-998-4908,christopher96@example.com,Premium,
226,269-186-2947,lauracortez@example.org,Standard,
227,973-507-4939,carolhernandez@example.net,Premium,
228,674-812-7576,lisa64@example.com,Standard,
229,544-394-7881,rebeccaknox@example.net,Standard,
230,992-703-4022,ashleyharris@example.org,Premium,
231,443-290-9091,gharris@example.net,Basic,
232,497-381-9954,jasondavis@example.com,Basic,
233,302-531-7103,scottamy@example.net,Standard,
234,427-223-4737,keith71@example.com,Premium,
235,269-383-4381,christina10@example.com,Premium,
236,923-947-7896,walleranna@example.org,Basic,46
237,414-783-8257,michael07@example.com,Standard,
238,414-331-2550,frankjennifer@example.com,Premium,47
239,697-397-8685,kimberlycarter@example.org,Basic,
240,755-116-7374,maldonadotony@example.org,Standard,
241,868-122-4947,whayes@example.net,Standard,
242,699-544-6956,arellanotodd@example.net,Premium,
243,104-605-2500,ernest42@example.org,Standard,
244,349-772-1095,waltonbrittany@example.net,Basic,
245,860-828-4490,justin11@example.net,Basic,48
246,697-997-7760,omartin@example.com,Premium,
247,889-375-4334,whall@example.net,Basic,
248,829-379-5078,ewhite@example.org,Standard,49
249,110-319-9968,thompsonbeth@example.org,Standard,
250,153-770-8481,echavez@example.org,Basic,
251,293-796-6486,alison31@example.net,Premium,
252,372-202-7928,brian99@example.com,Standard,
253,344-969-1426,joanalvarez@example.net,Standard,
254,888-120-4167,justinguerrero@example.com,Premium,
255,368-418-6250,sydneycombs@example.org,Basic,50
256,980-818-3902,davidkennedy@example.net,Standard,
257,989-641-9263,cmoore@example.net,Basic,51
258,301-460-1828,qhodge@example.net,Basic,
259,869-791-1466,bortiz@example.com,Standard,
260,484-538-4002,monica91@example.org,Premium,52
261,961-971-3766,cooperdavid@example.org,Basic,53
262,310-587-2443,pmason@example.net,Basic,54
263,606-632-2700,stevenbaldwin@example.org,Basic,
264,114-881-2272,randy62@example.net,Standard,
265,903-239-1176,smithmiguel@example.net,Premium,
266,215-788-8453,fuentescheryl@example.com,Standard,55
267,196-680-4909,codymurray@example.net,Premium,
268,773-580-1174,xhill@example.com,Premium,
269,693-383-7996,amy62@example.org,Standard,
270,577-490-6012,barbercaroline@example.org,Standard,
271,104-460-2436,larry43@example.net,Basic,
272,219-370-3748,kpineda@example.com,Premium,
273,102-990-8528,joseph65@example.net,Premium,
274,300-431-3051,rojasmeredith@example.org,Basic,
275,848-103-3440,carla22@example.org,Premium,
276,735-198-2854,brooke82@example.net,Standard,56
277,623-486-2683,yyoung@example.net,Premium,
278,506-386-4083,amandanichols@example.org,Basic,57
279,818-444-1808,hendersonanthony@example.org,Premium,
280,982-627-9111,diane05@example.org,Premium,
281,927-860-5862,urichardson@example.net,Premium,58
282,635-592-1219,vbaker@example.net,Standard,59
283,607-687-2370,sskinner@example.com,Standard,
284,201-660-1513,beardfrank@example.net,Standard,
285,241-279-1742,christopher68@example.org,Standard,
286,729-635-7160,pwalker@example.com,Standard,
287,185-869-2421,tomstephens@example.com,Premium,
288,417-833-7028,griffincollin@example.com,Premium,
289,883-381-1563,bsanchez@example.org,Standard,
290,188-378-1117,pobrien@example.net,Premium,60
291,509-397-1846,jgutierrez@example.org,Standard,
292,704-332-3052,millertara@example.com,Premium,
293,883-356-7411,hbond@example.org,Premium,61
294,941-928-1006,amber08@example.org,Basic,
295,982-591-5639,kyleevans@example.com,Premium,62
296,897-546-2224,millerjeremiah@example.org,Basic,
297,934-543-9483,rachelchristian@example.net,Standard,63
298,192-293-2713,brucemichelle@example.net,Basic,
299,399-305-2381,martinezstephen@example.com,Basic,64
300,127-341-1483,summerssusan@example.net,Premium,65
301,510-921-9897,cooperlisa@example.com,Premium,
302,818-357-6783,erin64@example.net,Basic,
303,846-211-6718,levinemelissa@example.net,Basic,
304,920-115-9382,drobertson@example.com,Basic,
305,610-685-1592,iwilliams@example.com,Basic,
306,167-471-2151,montgomeryandrew@example.com,Standard,
307,503-825-9836,melissa74@example.com,Standard,
308,199-337-3354,roy77@example.net,Basic,66
309,317-149-5548,hpetersen@example.com,Basic,
310,497-100-2322,stephen50@example.org,Basic,67
311,897-634-2763,schroedererin@example.net,Premium,68
312,623-276-7793,xriley@example.com,Premium,
313,829-760-8380,kristenlambert@example.org,Standard,69
314,338-231-1150,nhamilton@example.com,Standard,
315,995-620-8931,williamrodriguez@example.org,Basic,70
316,866-306-5154,vporter@example.net,Basic,
317,325-331-5722,wilsonannette@example.org,Standard,
318,426-256-2377,devinmyers@example.org,Basic,
319,831-796-3959,stephen85@example.org,Basic,71
320,148-478-6008,gregoryhaney@example.net,Basic,72
321,589-113-5533,qbrandt@example.com,Standard,
322,324-697-2663,james10@example.net,Basic,73
323,305-783-9483,khess@example.net,Standard,
324,481-810-6156,erin76@example.net,Basic,
325,159-203-3452,taylor02@example.org,Standard,
326,517-356-1890,fgamble@example.org,Basic,
327,244-114-7872,sarahgraves@example.org,Standard,
328,947-311-8066,joyce84@example.org,Premium,74
329,401-430-2667,fernandezangela@example.net,Basic,75
330,300-593-5132,kharris@example.com,Basic,
331,175-354-6703,kpowers@example.org,Standard,
332,748-562-2827,denisefernandez@example.com,Premium,
333,379-848-7510,marc28@example.org,Basic,76
334,840-228-1378,floresdalton@example.com,Standard,
335,626-825-7943,kelseysmith@example.net,Premium,
336,775-733-4982,ronald61@example.org,Standard,
337,462-463-7800,tkeith@example.net,Standard,
338,103-609-3419,lbell@example.org,Standard,
339,305-905-8273,martinezcatherine@example.net,Premium,
340,727-313-2948,alexander95@example.com,Basic,
341,169-164-9880,nicolehudson@example.com,Premium,
342,357-491-7935,ppatel@example.net,Basic,
343,912-464-1295,kaitlynmoon@example.com,Standard,
344,756-699-9457,aclements@example.net,Standard,
345,286-773-8552,stephaniehouston@example.org,Basic,
346,637-826-9393,powerskelly@example.org,Premium,
347,471-972-1684,rjohnson@example.org,Basic,77
348,499-331-9560,xmartinez@example.net,Standard,
349,968-165-4742,annettebradley@example.net,Standard,
350,942-623-1095,kenneth59@example.org,Premium,
351,616-966-8544,ashleywhite@example.com,Premium,
352,249-133-8920,joshua21@example.com,Standard,78
353,237-452-2073,ataylor@example.com,Basic,
354,417-165-2931,potterluis@example.net,Standard,
355,516-990-2048,pwest@example.net,Basic,
356,579-192-3336,jcarroll@example.net,Basic,79
357,605-474-1401,diazjessica@example.org,Basic,
358,614-832-8539,jesse41@example.net,Basic,
359,764-697-9704,susankemp@example.net,Premium,
360,217-646-5226,theresafields@example.com,Standard,
361,691-529-7565,jeffrey54@example.org,Standard,
362,853-446-7978,deborah26@example.net,Basic,80
363,137-744-4113,phodge@example.com,Basic,
364,388-766-3630,parkerdiana@example.org,Standard,81
365,997-973-4922,hgordon@example.net,Premium,
366,136-240-8516,elizabethburton@example.org,Standard,82
367,552-481-5694,kellylopez@example.net,Standard,
368,129-138-1143,acarroll@example.com,Basic,
369,314-520-2156,jeffrey82@example.net,Basic,
370,813-931-7135,amandalong@example.org,Basic,
371,112-830-7167,brobinson@example.org,Premium,83
372,969-189-2408,sheltonjason@example.org,Premium,84
373,917-229-6691,stanleyjoanna@example.com,Basic,
374,125-642-3440,james91@example.org,Premium,
375,482-476-5932,gailhawkins@example.net,Basic,
376,356-768-7144,washingtonyvonne@example.com,Basic,
377,442-766-8262,johnsoncharles@example.org,Standard,
378,426-645-3984,dominguezerin@example.net,Premium,85
379,426-902-1202,justinchen@example.net,Standard,
380,390-800-6486,matthew88@example.net,Basic,
381,616-639-7995,fbartlett@example.com,Premium,
382,382-977-4877,bkelly@example.org,Standard,
383,967-336-5893,kristen92@example.org,Premium,86
384,521-620-7157,hlewis@example.org,Basic,
385,655-585-1127,gowens@example.org,Standard,
386,652-593-6092,meganbrown@example.net,Basic,
387,843-340-8624,josephjoseph@example.org,Standard,
388,419-325-2193,alyssaadkins@example.com,Basic,
389,502-388-6620,wheelerthomas@example.org,Premium,
390,361-638-9313,prandall@example.org,Premium,
391,879-941-1847,chelseamacdonald@example.org,Standard,
392,861-354-8644,kimberly09@example.net,Standard,
393,777-279-6347,meganpeterson@example.com,Standard,
394,242-367-1048,hhunt@example.com,Basic,
395,807-538-7768,whitney49@example.org,Premium,
396,151-448-9958,josephgood@example.net,Standard,
397,257-538-4893,fsoto@example.com,Standard,
398,135-500-7761,daviskim@example.com,Premium,
399,694-892-1311,scaldwell@example.org,Premium,
400,320-431-7881,irose@example.net,Premium,
401,850-169-7958,logansarah@example.com,Basic,
402,670-156-5719,haley77@example.com,Standard,
403,970-207-5901,mariosummers@example.net,Standard,
404,574-756-6778,mooreadrian@example.net,Standard,
405,249-972-7405,ortegacorey@example.net,Basic,
406,485-363-5633,andrewhall@example.net,Premium,
407,870-759-7484,harriscynthia@example.com,Standard,
408,716-598-8765,ksmith@example.net,Basic,
409,363-372-1138,ufranco@example.net,Standard,87
410,979-124-9634,jessicakent@example.net,Basic,
411,183-795-5821,melissa51@example.com,Standard,
412,485-373-3822,patricklopez@example.com,Basic,88
413,356-179-9012,sarah46@example.net,Premium,
414,578-661-6395,vharrington@example.com,Standard,
415,911-117-6384,wbrown@example.org,Premium,
416,242-878-6559,ericanderson@example.net,Basic,
417,235-473-5472,kevinperez@example.com,Standard,
418,150-760-8619,wendyherring@example.org,Premium,
419,653-100-3628,rdouglas@example.org,Basic,
420,842-627-6888,freysandra@example.org,Basic,
421,698-313-1510,christopherraymond@example.com,Premium,
422,869-437-5893,vpeterson@example.org,Standard,
423,529-388-3817,sherry61@example.com,Basic,
424,464-495-1486,willie07@example.net,Basic,
425,140-511-2325,johnskelsey@example.net,Standard,
426,404-489-5449,autumnturner@example.net,Basic,89
427,865-467-1310,kimberlywilson@example.org,Standard,
428,188-115-9221,traci09@example.com,Premium,
429,537-596-2733,leejessica@example.com,Premium,
430,624-179-9084,pbennett@example.com,Premium,90
431,824-233-6638,jared46@example.com,Premium,
432,514-718-1245,weeksamy@example.org,Premium,
433,214-961-6464,taylormichael@example.com,Basic,91
434,419-452-6379,rachel44@example.com,Basic,
435,386-985-3794,nancysnyder@example.org,Premium,
436,378-670-8298,lindaprince@example.net,Standard,
437,245-383-5532,gardneryvette@example.com,Basic,92
438,261-604-5042,xmoreno@example.org,Basic,
439,862-129-9000,timothy11@example.com,Standard,
440,504-848-9460,jennifer84@example.net,Basic,93
441,249-703-3438,larrynichols@example.org,Premium,
442,644-124-5165,sheila13@example.com,Basic,
443,898-868-1251,pmaldonado@example.net,Standard,
444,233-877-6825,reyeslisa@example.net,Premium,
445,612-326-9283,gvillanueva@example.org,Premium,
446,984-825-5473,alambert@example.org,Premium,94
447,767-496-4556,brianmcmillan@example.net,Premium,
448,188-600-8377,castillojustin@example.net,Premium,
449,836-222-5647,robert92@example.net,Basic,
450,925-603-8732,montgomeryashley@example.org,Premium,
451,525-243-4002,rubenwhite@example.org,Standard,
452,332-518-2069,annawilliams@example.org,Premium,95
453,234-841-9555,phelpskimberly@example.org,Basic,
454,624-759-8937,kharper@example.com,Premium,
455,293-971-4500,susan68@example.org,Basic,
456,199-422-1321,monicamercer@example.org,Basic,
457,334-523-8780,wyatt73@example.com,Standard,
458,604-204-7366,rbarton@example.com,Standard,
459,288-810-7373,sking@example.org,Standard,
460,855-837-4962,higginsbrandon@example.net,Basic,
461,523-603-4722,jacob31@example.com,Premium,
462,874-706-8701,eric14@example.org,Basic,
463,883-206-2695,richardlarsen@example.org,Basic,96
464,350-396-9979,jenniferbradley@example.com,Standard,
465,385-317-3820,nhayes@example.org,Basic,
466,219-311-4999,qrichardson@example.org,Basic,
467,503-350-3715,msullivan@example.com,Basic,
468,367-160-3042,brownsara@example.net,Standard,
469,128-877-9903,spencer85@example.com,Standard,
470,447-767-1328,kellyramirez@example.com,Premium,
471,718-481-9173,williamsnicholas@example.net,Basic,
472,180-417-4239,amandajackson@example.org,Standard,
473,439-814-5783,cathy99@example.com,Premium,
474,402-420-2156,pjones@example.net,Standard,
475,214-495-5982,srussell@example.org,Standard,
476,359-837-8255,chasealexis@example.com,Premium,
477,146-449-9791,bsilva@example.org,Standard,
478,330-918-9886,vaguilar@example.org,Basic,
479,666-692-1430,steeletracy@example.com,Basic,
480,378-709-4045,matthew97@example.com,Standard,97
481,213-816-7752,mendozajamie@example.com,Premium,
482,335-156-5246,franklincourtney@example.net,Basic,
483,697-968-9049,vanessaclark@example.org,Standard,
484,823-629-1625,curtis12@example.net,Standard,
485,393-701-6216,harringtonthomas@example.org,Premium,
486,619-672-2599,ian90@example.com,Standard,
487,522-871-9398,jimenezlinda@example.net,Premium,98
488,183-761-6879,smithcharles@example.com,Standard,
489,409-257-8101,michaelwalker@example.org,Premium,
490,560-853-6091,tcantu@example.com,Standard,
491,895-729-6212,mitchellmelissa@example.org,Premium,
492,717-124-7568,joe45@example.net,Basic,
493,520-322-5402,tranrhonda@example.net,Standard,
494,101-361-2866,elizabethosborne@example.com,Premium,99
495,911-767-3765,jacksonshirley@example.net,Premium,100
496,409-678-3329,marie20@example.com,Premium,
497,428-934-6606,gina61@example.net,Standard,
498,277-715-1197,mathewsangela@example.com,Standard,
499,238-831-5225,steven46@example.net,Standard,
500,614-327-2763,angela61@example.net,Standard,101
501,809-554-3610,cookjessica@example.com,Premium,
502,865-938-4842,melendezleslie@example.org,Basic,
503,183-942-5267,pholloway@example.org,Basic,
504,605-883-3317,williamsadam@example.com,Basic,
505,457-527-5519,njones@example.org,Premium,
506,203-932-1935,robbinsbeth@example.com,Standard,
507,527-829-2158,mjones@example.org,Premium,
508,665-431-8477,alyssa05@example.org,Basic,
509,770-775-1908,jennifer12@example.com,Premium,
510,864-981-5216,efisher@example.com,Premium,
511,499-996-8872,kriley@example.net,Basic,
512,231-764-6081,jeremiahhardy@example.net,Basic,
513,352-725-1168,popejennifer@example.org,Basic,
514,538-429-7892,skinnerjamie@example.org,Premium,102
515,499-974-9291,benjaminmiller@example.net,Basic,
516,241-857-3022,vmorgan@example.org,Basic,
517,777-852-3564,rhogan@example.net,Basic,
518,243-700-5487,cole28@example.org,Standard,
519,140-547-6039,acarson@example.net,Premium,
520,362-516-1810,wcopeland@example.net,Standard,
521,699-756-8485,ashleypeterson@example.com,Basic,
522,546-653-5852,rzhang@example.org,Standard,103
523,440-114-4310,thompsonandrew@example.org,Basic,104
524,932-271-1065,dustin95@example.com,Standard,
525,952-669-5012,elizabethwells@example.org,Basic,
526,867-516-5035,christianwashington@example.com,Basic,
527,718-429-4519,gterry@example.com,Premium,105
528,615-458-2266,riossara@example.org,Basic,106
529,249-127-5919,stacy58@example.org,Basic,107
530,587-188-5158,craig71@example.com,Standard,108
531,127-640-3310,keiththomas@example.com,Premium,
532,383-647-7775,maxwelljennifer@example.org,Standard,
533,743-430-7323,jaredcervantes@example.org,Basic,
534,816-799-2119,rogerjones@example.org,Standard,
535,845-368-7226,cassandra57@example.org,Basic,109
536,285-311-7310,ramirezkurt@example.com,Basic,
537,438-104-2617,patrickpotter@example.net,Premium,
538,766-342-4099,brandithornton@example.org,Premium,
539,782-524-2360,bradley82@example.com,Premium,
540,742-329-2923,pthomas@example.com,Premium,
541,575-149-7853,ujohnson@example.com,Premium,
542,380-751-9221,mitchellheath@example.org,Premium,
543,739-251-8427,fosteramanda@example.net,Standard,110
544,508-910-9144,zsims@example.com,Basic,111
545,314-935-1372,gonzalesamy@example.org,Standard,
546,160-859-7554,samuel23@example.com,Standard,
547,143-823-3793,dwolfe@example.net,Standard,
548,775-635-1319,carterlisa@example.com,Standard,
549,617-889-9270,robert97@example.net,Standard,112
550,330-800-4128,miguel24@example.org,Premium,113
551,133-651-7149,davidgutierrez@example.net,Standard,
552,476-362-2706,sarah01@example.org,Standard,
553,988-886-3134,brianna21@example.net,Standard,
554,724-510-8083,rjoyce@example.org,Premium,
555,128-720-8044,steven49@example.net,Premium,114
556,207-540-1879,kenneth93@example.com,Basic,
557,904-970-4086,alexandratorres@example.net,Premium,
558,342-709-7806,theresa01@example.net,Premium,
559,271-303-7364,ryan45@example.net,Premium,
560,400-328-1241,oherrera@example.org,Basic,115
561,145-707-6771,joshuawhitney@example.com,Standard,
562,302-234-9300,lunderwood@example.net,Premium,
563,925-904-9574,tcastaneda@example.net,Basic,
564,334-746-1721,sandra42@example.org,Premium,
565,145-154-2851,denise11@example.com,Premium,
566,336-763-4096,hhuang@example.com,Basic,
567,265-453-7070,fbrooks@example.net,Standard,
568,543-310-7712,teresa51@example.net,Premium,
569,335-340-2701,kingjessica@example.net,Premium,
570,570-353-9461,deanstefanie@example.com,Basic,
571,404-114-4463,zcook@example.org,Basic,116
572,358-652-5296,josehughes@example.org,Standard,
573,683-353-5793,middletonmark@example.com,Basic,
574,550-979-2265,lopezjessica@example.com,Basic,
575,284-537-9665,wallaceelizabeth@example.org,Standard,
576,686-591-8221,oliverteresa@example.org,Standard,
577,228-164-3797,jreed@example.org,Premium,
578,248-897-8272,patricia63@example.net,Premium,
579,395-771-8962,xfritz@example.net,Premium,117
580,196-598-4992,lewisnicole@example.com,Standard,
581,734-137-1260,joe33@example.org,Standard,
582,820-541-2191,charles57@example.org,Basic,
583,499-495-6769,hintoncarlos@example.net,Standard,
584,467-553-9885,katherinecardenas@example.net,Basic,118
585,875-735-3580,kennethliu@example.com,Premium,119
586,941-416-9349,baldwinkatelyn@example.net,Premium,
587,880-944-1628,samantha71@example.org,Premium,
588,617-625-5471,xhorne@example.org,Standard,
589,564-307-4856,heather79@example.org,Basic,
590,289-556-7908,gregorykaiser@example.com,Standard,120
591,631-847-7576,tuckeralexander@example.org,Standard,121
592,620-368-9868,waltersheidi@example.net,Standard,
593,762-687-2664,yangpeter@example.net,Standard,
594,407-116-5313,erin60@example.net,Premium,
595,438-589-2768,katherinejones@example.net,Standard,
596,517-854-9536,kevin92@example.org,Basic,122
597,513-127-1518,ubrooks@example.org,Basic,
598,406-501-7074,cbaker@example.com,Premium,
599,294-146-5976,soliver@example.com,Premium,
600,111-905-6768,brenda05@example.org,Basic,123
601,748-597-9924,cynthiacruz@example.com,Standard,
602,763-200-4378,perkinsalan@example.org,Premium,124
603,714-295-9205,ogordon@example.com,Standard,
604,932-111-6696,glong@example.com,Standard,
605,935-756-8826,henry31@example.com,Standard,125
606,741-138-6451,mcguireyolanda@example.com,Basic,
607,922-559-3272,hollywallace@example.com,Premium,
608,272-573-6233,tholland@example.net,Basic,
609,767-825-6555,donaldgibson@example.com,Basic,
610,746-358-5511,kimberly93@example.org,Premium,
611,540-963-4209,katherineabbott@example.com,Premium,
612,392-556-8523,vegamegan@example.com,Premium,
613,677-326-5056,dcox@example.org,Basic,
614,226-369-3094,mwolfe@example.com,Basic,126
615,832-826-7039,richardsonjames@example.org,Premium,
616,803-675-3416,ywright@example.org,Basic,
617,596-268-4636,kelly38@example.com,Premium,
618,105-241-8350,hicksscott@example.com,Basic,127
619,192-273-8584,jenniferkennedy@example.org,Basic,
620,588-749-1156,william31@example.net,Premium,
621,427-921-9777,anne31@example.com,Premium,
622,299-785-3335,george09@example.org,Premium,128
623,356-459-2284,warddaniel@example.org,Basic,
624,387-852-3738,teresa99@example.net,Premium,
625,663-266-8915,ebrown@example.com,Basic,
626,998-383-1016,baileyalicia@example.org,Basic,
627,862-907-5496,hbaldwin@example.com,Basic,129
628,831-106-9949,campbellbradley@example.net,Basic,
629,415-313-9217,brenda93@example.com,Basic,
630,924-501-6704,stewartchristopher@example.org,Basic,
631,865-455-2601,angelafrye@example.net,Premium,
632,575-930-6615,fosterjohn@example.org,Basic,
633,205-220-3237,xjohnson@example.net,Premium,
634,455-937-8883,jessicaharris@example.com,Standard,
635,422-772-4028,ana42@example.net,Premium,
636,818-755-8948,henryjacob@example.org,Basic,130
637,843-765-8870,delgadocaleb@example.net,Basic,131
638,407-422-6795,coreygordon@example.com,Premium,
639,988-480-4916,jali@example.org,Basic,
640,704-111-5052,codyburton@example.com,Premium,
641,808-334-2631,roweroger@example.org,Standard,
642,212-855-1044,garciaapril@example.com,Premium,
643,581-776-2996,zmason@example.net,Premium,
644,744-916-5490,markwaters@example.net,Basic,132
645,818-765-1977,amysalazar@example.net,Basic,133
646,137-361-1412,tonyatodd@example.com,Basic,
647,682-194-7558,johnsonkyle@example.net,Premium,
648,369-663-2960,yreed@example.com,Premium,
649,877-453-6832,klevy@example.org,Basic,
650,219-111-7144,npatel@example.net,Basic,134
651,718-639-8998,elizabeth30@example.net,Basic,135
652,873-469-3616,foxandrea@example.com,Standard,
653,177-291-4761,petersondavid@example.com,Premium,136
654,318-137-4619,coltongraham@example.net,Standard,
655,294-474-3362,katrinamccarty@example.net,Premium,
656,168-227-2356,wscott@example.net,Premium,
657,549-706-4649,silvasydney@example.net,Basic,137
658,814-902-3533,valerie35@example.com,Standard,
659,954-395-5081,vanceveronica@example.net,Basic,
660,678-164-7942,heathemily@example.com,Standard,
661,239-537-6764,xwarren@example.net,Basic,138
662,377-676-7741,portertrevor@example.net,Basic,
663,579-906-1998,odavis@example.net,Standard,139
664,674-878-8586,johnsondominique@example.net,Standard,
665,871-338-7675,ejohnson@example.com,Premium,
666,570-598-8964,laura97@example.net,Premium,
667,481-654-3666,john43@example.net,Premium,
668,536-537-6436,jessica53@example.com,Premium,
669,818-316-4349,martinezsherri@example.com,Basic,140
670,761-812-9966,omontgomery@example.com,Premium,
671,119-406-9371,jjohnson@example.com,Premium,141
672,321-100-3864,suzanne15@example.net,Standard,
673,166-279-9951,joseph68@example.org,Basic,
674,313-833-3797,johnwright@example.org,Standard,
675,510-141-7963,tina40@example.com,Premium,
676,728-757-3337,jacksonamanda@example.net,Premium,
677,305-262-5352,lopezgregory@example.org,Basic,
678,452-840-7691,floresmichael@example.com,Standard,142
679,611-665-3094,nicholas74@example.net,Basic,143
680,464-393-2316,lisa56@example.org,Standard,144
681,425-686-1175,michael13@example.net,Standard,
682,773-498-3456,moralesbarbara@example.org,Basic,
683,515-188-9522,tdorsey@example.net,Standard,
684,832-916-9237,lawrencehughes@example.net,Basic,
685,782-477-7528,jhines@example.org,Standard,
686,102-888-8516,lindseymark@example.com,Basic,
687,926-157-2880,michellereed@example.net,Basic,
688,486-756-1980,wjohnson@example.net,Premium,145
689,259-152-3107,harringtondonna@example.com,Basic,
690,899-785-5374,alyssagonzalez@example.net,Standard,146
691,202-379-8037,mayerjason@example.org,Basic,
692,201-932-2298,mariehall@example.net,Basic,
693,815-867-2302,josephsanchez@example.org,Basic,147
694,613-135-5876,mccartykristen@example.net,Basic,
695,892-865-7287,guerrerokelly@example.com,Premium,
696,529-328-4936,lopezjustin@example.com,Standard,
697,257-265-5454,john27@example.net,Basic,
698,757-674-2922,jimmy43@example.com,Standard,148
699,448-949-5341,robbinsamanda@example.com,Standard,
700,131-686-3800,cberger@example.org,Standard,
701,780-402-2729,montoyamelanie@example.org,Premium,
702,721-512-1999,kari83@example.net,Basic,
703,630-263-2226,delgadokatelyn@example.com,Premium,
704,146-211-6086,fnguyen@example.net,Basic,
705,616-760-1730,byrdrobert@example.net,Basic,
706,484-517-8612,kjames@example.org,Premium,
707,433-179-9461,davidwalker@example.net,Premium,
708,912-833-3900,thomasterri@example.org,Basic,
709,872-129-4457,adamstonya@example.org,Premium,
710,854-113-6901,kayla49@example.org,Standard,
711,681-291-2851,william20@example.org,Standard,
712,350-602-4331,amanda66@example.org,Standard,
713,534-269-1851,kristinajohnson@example.org,Basic,
714,210-196-3934,crystalguzman@example.org,Standard,149
715,396-705-4018,tracy23@example.com,Premium,150
716,278-906-7836,washingtonpaul@example.com,Standard,
717,488-588-7691,toddmckee@example.com,Premium,151
718,514-571-3929,riveraashley@example.net,Standard,
719,124-451-8289,faulknercharles@example.net,Premium,
720,116-288-2699,aprilhenry@example.net,Standard,
721,423-213-3040,terrystephen@example.com,Standard,
722,728-426-1505,mooreerin@example.com,Standard,152
723,237-878-8383,robert62@example.net,Basic,
724,216-129-5735,davidantonio@example.com,Standard,
725,953-807-7171,garrett62@example.net,Basic,
726,455-379-3622,soconnell@example.com,Standard,
727,626-402-6139,patrick81@example.net,Standard,
728,466-929-5005,ronaldsmall@example.org,Standard,
729,104-349-1857,jessica98@example.org,Basic,
730,693-690-4936,lidavid@example.net,Basic,
731,955-867-6283,caroline50@example.com,Premium,
732,265-414-1858,laura73@example.com,Premium,
733,692-465-9401,roblescrystal@example.net,Standard,
734,223-433-5734,dawnsawyer@example.com,Premium,
735,991-537-4457,georgemoore@example.org,Basic,
736,897-222-7786,polson@example.org,Standard,
737,417-426-7169,rruiz@example.net,Standard,
738,446-722-8320,taylorflores@example.com,Basic,153
739,762-472-7589,gutierrezmiranda@example.net,Basic,
740,100-594-4894,kmercer@example.com,Basic,
741,653-666-3891,jacob10@example.net,Premium,154
742,324-178-5397,solsen@example.org,Basic,155
743,159-279-8819,briangarcia@example.net,Premium,
744,547-803-9983,warddamon@example.net,Standard,
745,450-392-1941,zmiller@example.net,Premium,
746,414-221-1859,millerwilliam@example.net,Basic,
747,248-348-3916,carpenterrichard@example.net,Standard,
748,729-484-9092,ccarey@example.com,Standard,
749,589-523-1604,davidroman@example.net,Basic,
750,700-632-9844,nicholassmith@example.org,Basic,156
751,847-908-5820,debramyers@example.com,Premium,
752,927-709-8163,robert93@example.net,Basic,
753,967-272-6442,millersusan@example.org,Basic,
754,587-984-4784,pachecojoel@example.com,Premium,157
755,629-584-6183,deborah68@example.net,Standard,
756,769-814-7022,bwright@example.org,Standard,
757,640-614-6420,clinton20@example.org,Premium,
758,246-738-3157,ellen98@example.com,Standard,
759,817-314-7497,aprilharrington@example.net,Standard,
760,744-925-7013,donna08@example.com,Standard,
761,780-471-8179,davidkline@example.com,Basic,
762,698-153-2648,charlesromero@example.org,Premium,158
763,230-574-1624,operez@example.org,Basic,
764,675-716-7475,kelliepayne@example.com,Premium,
765,459-328-8087,nathanshelton@example.net,Premium,159
766,408-892-1309,tanya77@example.org,Standard,
767,922-664-4785,virginiareyes@example.com,Standard,
768,784-324-8463,cgalloway@example.com,Basic,160
769,165-560-6489,aguirremichael@example.org,Basic,
770,501-130-9779,sdyer@example.net,Premium,
771,337-636-3445,michael62@example.net,Premium,
772,759-844-3785,froberts@example.net,Premium,
773,894-944-1061,jonathangardner@example.com,Standard,
774,467-518-2015,john42@example.com,Standard,
775,962-421-7589,thompsonshane@example.com,Basic,
776,447-597-1109,jonathan88@example.net,Standard,
777,599-739-8452,diazpaul@example.com,Premium,
778,783-710-1562,dgreen@example.net,Premium,
779,460-267-6650,jamesshields@example.net,Standard,
780,370-366-2680,christopherburke@example.com,Basic,
781,353-710-6754,kennethramirez@example.com,Standard,
782,430-677-5510,albert20@example.com,Premium,
783,824-199-3130,kanderson@example.org,Premium,
784,985-927-3315,brett98@example.org,Standard,
785,715-433-1070,paulavila@example.org,Premium,
786,289-728-7009,gkrause@example.com,Standard,
787,243-893-1610,ellistony@example.org,Standard,
788,105-515-3024,brooke82@example.org,Basic,161
789,449-911-8569,michael47@example.com,Basic,
790,901-295-6999,ashley52@example.com,Basic,
791,771-313-7636,ljohnson@example.net,Standard,
792,786-853-8209,tranadam@example.com,Premium,
793,861-407-6579,dramirez@example.net,Premium,
794,459-159-3409,ricejeremy@example.net,Standard,
795,720-728-7100,ydouglas@example.com,Basic,
796,683-693-3886,kelsey38@example.com,Premium,
797,895-200-5744,mackenziehansen@example.com,Premium,
798,806-483-4019,swansonmegan@example.org,Premium,
799,527-858-2281,davidjones@example.org,Standard,
800,416-662-8214,trogers@example.net,Premium,
801,802-826-6464,emendez@example.org,Premium,162
802,750-296-9260,vickihawkins@example.net,Standard,
803,702-213-3125,ajohnson@example.org,Premium,163
804,609-618-5750,nelsonsamantha@example.org,Standard,
805,716-520-2353,derrickjones@example.com,Premium,
806,531-859-6085,elee@example.org,Basic,
807,279-243-5792,icarter@example.net,Premium,
808,635-566-9907,vaughnleslie@example.com,Basic,
809,997-653-3552,joesmith@example.com,Standard,
810,558-897-6237,heatherhart@example.net,Premium,
811,966-952-9387,andrewwaters@example.com,Standard,164
812,445-979-1040,mistysharp@example.org,Standard,165
813,532-543-2904,wendy69@example.net,Premium,
814,426-157-4566,coffeyleslie@example.com,Standard,
815,304-841-4535,fsimon@example.com,Basic,
816,907-515-7445,laurenwhite@example.net,Premium,
817,133-424-9120,christopher77@example.org,Standard,166
818,687-632-6134,juan11@example.net,Basic,
819,785-889-1191,anthonymitchell@example.com,Basic,
820,377-763-8385,wendy71@example.org,Basic,
821,628-579-4662,mbowman@example.net,Premium,167
822,988-397-5275,avilaamy@example.org,Premium,
823,956-720-8466,ericabentley@example.net,Basic,168
824,544-882-5933,ryanmiller@example.com,Premium,169
825,482-234-9615,matthewskathleen@example.org,Standard,
826,832-370-4634,kmichael@example.net,Premium,
827,494-539-6474,swilliams@example.org,Basic,170
828,742-432-4639,aprilhernandez@example.org,Basic,
829,959-480-1957,hartmankara@example.org,Standard,
830,182-668-6139,yangmatthew@example.org,Basic,171
831,243-693-9951,jodi41@example.net,Premium,
832,478-339-4968,pgibbs@example.com,Standard,
833,631-423-9799,xthompson@example.org,Standard,
834,909-168-7271,dhansen@example.com,Basic,
835,209-448-3086,john53@example.net,Basic,
836,377-410-8253,glane@example.com,Basic,
837,363-260-4531,jeffrey15@example.org,Basic,
838,165-630-5363,barnettkerry@example.net,Standard,172
839,216-263-1591,andrea55@example.com,Premium,
840,401-480-9490,wellsnicole@example.org,Standard,
841,522-226-8970,xromero@example.net,Basic,
842,234-385-4501,stephanie41@example.org,Basic,
843,183-908-6833,aparker@example.com,Premium,
844,385-725-2604,joshua89@example.org,Basic,
845,304-384-5123,nnguyen@example.org,Standard,
846,725-898-4424,patricia61@example.net,Standard,173
847,802-691-3544,brownwilliam@example.net,Basic,
848,191-766-3919,millersherry@example.org,Basic,
849,983-455-3542,danielle38@example.org,Premium,
850,158-328-7242,michelestevens@example.org,Premium,174
851,776-501-8634,robert98@example.org,Basic,
852,816-689-9283,gordonsherri@example.net,Basic,
853,105-277-6243,tthomas@example.com,Basic,
854,435-170-8351,phunt@example.org,Standard,
855,146-752-8895,gcarpenter@example.com,Premium,
856,379-987-6837,qbonilla@example.org,Premium,
857,154-640-3071,spencershawn@example.com,Basic,
858,833-637-5686,samantha66@example.org,Standard,
859,676-873-3531,blaketroy@example.com,Basic,
860,139-888-7165,johnsonchristine@example.net,Premium,175
861,163-715-7955,iwood@example.net,Standard,
862,245-942-3411,vaughnedward@example.net,Premium,
863,796-854-6680,arnoldangela@example.org,Premium,
864,477-580-1211,boltonkatherine@example.net,Premium,
865,889-539-5934,dannyyoung@example.net,Standard,
866,159-283-4006,jamie69@example.org,Premium,176
867,396-992-6344,melanieharrison@example.org,Premium,177
868,514-427-3770,upowers@example.net,Premium,178
869,738-741-8125,ryancunningham@example.com,Premium,
870,366-207-1964,josephgamble@example.org,Standard,
871,259-200-7989,ohorne@example.net,Basic,
872,253-370-7622,lisabush@example.com,Standard,
873,250-261-5537,sortiz@example.com,Basic,
874,704-104-9907,jason33@example.net,Premium,
875,796-197-3976,cassandra82@example.org,Premium,
876,499-815-1117,theresa96@example.com,Premium,
877,870-864-8729,madison69@example.org,Standard,
878,610-292-1683,macksarah@example.net,Standard,
879,641-955-5106,brian66@example.org,Basic,
880,587-406-2578,ejones@example.com,Basic,179
881,311-651-6559,valerie64@example.net,Basic,
882,663-811-9011,carriejensen@example.org,Premium,
883,187-814-9384,samuelfrench@example.com,Basic,
884,552-972-3085,pmclaughlin@example.net,Standard,180
885,146-946-1681,austinmichele@example.com,Standard,181
886,712-930-8252,gcoleman@example.org,Basic,
887,259-800-3463,barmstrong@example.com,Basic,
888,893-844-9264,samueltran@example.org,Basic,
889,840-498-2721,currykatherine@example.org,Premium,
890,831-278-1834,zmiller@example.org,Standard,
891,881-368-1709,meltongina@example.com,Premium,
892,405-308-2252,reynoldslindsey@example.net,Standard,
893,539-190-9748,bvang@example.com,Basic,182
894,785-248-2133,boydaaron@example.com,Standard,183
895,862-799-3108,christian09@example.org,Premium,
896,171-906-9059,tyrone89@example.net,Standard,
897,719-831-7571,michael19@example.net,Basic,
898,196-818-6164,michaelbaker@example.com,Basic,
899,677-192-7472,david95@example.org,Standard,
900,452-783-2607,esanchez@example.net,Premium,184
901,416-640-3784,zachary95@example.com,Standard,
902,518-808-8967,jim42@example.com,Premium,185
903,551-830-8100,cmckee@example.org,Premium,186
904,143-655-7886,mckaypreston@example.com,Standard,
905,137-681-6551,timothy19@example.org,Basic,
906,842-967-4289,alexa94@example.net,Premium,
907,754-862-6772,billscott@example.org,Standard,
908,784-335-7666,jamie27@example.com,Standard,
909,308-886-5048,debra06@example.com,Premium,
910,560-201-2678,charlesramirez@example.net,Standard,
911,655-642-5945,martinmary@example.org,Basic,
912,397-201-3012,saranguyen@example.org,Basic,
913,409-664-4673,robert63@example.net,Premium,
914,967-744-5984,bridget45@example.com,Premium,
915,917-805-8140,joshua22@example.net,Standard,187
916,253-279-8991,williamsonrobert@example.com,Standard,
917,469-821-6444,wwilliams@example.org,Premium,
918,775-614-9245,kellydebbie@example.com,Premium,188
919,123-190-6274,hallfernando@example.org,Standard,
920,443-501-3788,jessicastanley@example.com,Standard,
921,654-559-5585,kellystanley@example.org,Premium,
922,328-906-1649,carl32@example.net,Premium,
923,240-222-4550,dawn52@example.org,Premium,
924,469-189-9489,jesse16@example.net,Premium,
925,839-499-1502,durhammichaela@example.com,Premium,189
926,937-274-4889,sherrifisher@example.com,Basic,
927,515-998-4847,douglasrodriguez@example.org,Basic,
928,514-554-7591,elee@example.org,Standard,
929,441-504-9204,guzmandonna@example.com,Standard,
930,230-586-3791,johnrichmond@example.net,Basic,
931,916-431-8791,haynescourtney@example.org,Standard,
932,726-734-9704,john86@example.org,Standard,
933,672-134-1633,wallen@example.org,Basic,
934,324-792-6884,robert52@example.org,Premium,
935,875-211-6882,robert33@example.net,Basic,
936,518-709-1353,elizabeth61@example.net,Standard,
937,143-344-4155,ddillon@example.org,Premium,190
938,947-832-7795,loganbrandon@example.net,Standard,
939,684-852-8466,ryanhicks@example.net,Standard,191
940,667-605-1381,michaelgates@example.org,Basic,
941,772-709-9499,melissalambert@example.com,Premium,
942,452-434-7182,larrybeard@example.net,Basic,192
943,713-610-4802,jspencer@example.net,Standard,193
944,691-861-8160,paul56@example.net,Premium,
945,245-469-9832,danielsjuan@example.org,Basic,
946,704-463-2636,katrinarodriguez@example.com,Premium,
947,830-273-4560,jadams@example.com,Premium,
948,552-273-6015,sharonreed@example.org,Premium,194
949,924-741-3021,davidgutierrez@example.net,Basic,195
950,259-190-8901,gentrygavin@example.org,Premium,
951,974-798-1882,osbornepamela@example.org,Premium,
952,550-609-5575,lewisamy@example.net,Standard,
953,785-169-6804,lozanorebecca@example.org,Basic,
954,879-542-7227,walkerchad@example.com,Basic,
955,504-729-8470,billy16@example.org,Basic,
956,826-532-6518,mhernandez@example.com,Standard,
957,546-275-7076,jeffrey95@example.com,Standard,
958,299-979-8898,ssmith@example.org,Standard,
959,759-146-5814,johnsonjeffrey@example.org,Premium,
960,187-565-7306,jeremy50@example.net,Premium,196
961,670-848-5032,gsmith@example.net,Standard,
962,840-318-2982,vancethomas@example.org,Premium,
963,514-651-6973,breanna82@example.org,Basic,
964,618-767-6440,ljacobson@example.org,Standard,
965,813-499-2299,robertscynthia@example.com,Standard,
966,796-260-5269,ingrammatthew@example.net,Basic,
967,469-862-9443,samuelarmstrong@example.org,Basic,
968,314-114-9106,jesus59@example.org,Basic,
969,330-567-9618,tanya97@example.com,Standard,
970,544-287-9994,kelly40@example.org,Basic,
971,545-483-2386,imartin@example.net,Basic,
972,170-359-6920,thomasfrazier@example.org,Basic,
973,675-398-7212,hillrobert@example.org,Basic,
974,776-936-4479,smithmichael@example.com,Basic,197
975,134-584-8726,gonzalesveronica@example.org,Premium,198
976,627-197-4522,ian31@example.net,Standard,
977,528-619-9734,kimberly62@example.com,Standard,
978,853-550-8146,yvaldez@example.com,Basic,199
979,577-340-7102,drubio@example.net,Basic,200
980,384-204-1452,joseph45@example.org,Premium,
981,158-689-2656,mark17@example.org,Standard,
982,225-424-5940,haneystephen@example.org,Basic,
983,181-227-4644,martinsims@example.org,Basic,
984,552-286-1925,jonathan18@example.com,Basic,
985,222-839-9492,cisnerosbrent@example.com,Premium,
986,842-538-5575,bjohnson@example.org,Basic,201
987,977-167-9715,alvinmaxwell@example.com,Premium,202
988,587-839-7525,bradhamilton@example.net,Premium,
989,758-495-8900,megan93@example.com,Premium,
990,967-662-1894,ashleywalker@example.org,Standard,203
991,350-218-5305,mark09@example.org,Basic,
992,911-152-9414,fishergeorge@example.org,Basic,
993,282-255-1780,rachelparker@example.net,Standard,
994,949-840-8607,cherylcollier@example.net,Basic,
995,810-880-3859,rbooker@example.org,Basic,
996,936-611-6498,brian14@example.net,Standard,204
997,825-791-7353,adrianawilkerson@example.org,Premium,
998,599-611-1881,perezspencer@example.com,Basic,
999,476-623-4915,patriciacasey@example.com,Standard,205
1000,787-862-6253,larsontimothy@example.org,Basic,
